PARTY_ID,PARTY_CODE,PARTY_TYPE,PARTY_NAME,TAX_ID,DUNS_NUMBER,VALID_FROM_TIMESTAMP,VALID_TO_TIMESTAMP,IS_CURRENT_FLAG,CREATED_BY_USER,CREATED_TIMESTAMP,UPDATED_BY_USER,UPDATED_TIMESTAMP
1,PARTY-00001,SUPPLIER,Alpine Hydraulic AG,TAX000000001,860000001,2020-01-01 00:00:00,,True,SYSTEM,2020-01-01 00:00:00,SYSTEM,2020-01-01 00:00:00
2,PARTY-00002,SUPPLIER,Premier Bio Systems,TAX000000002,860000002,2020-01-01 00:00:00,,True,SYSTEM,2020-01-01 00:00:00,SYSTEM,2020-01-01 00:00:00
3,PARTY-00003,SUPPLIER,United Composite Ltd,TAX000000003,860000003,2020-01-01 00:00:00,,True,SYSTEM,2020-01-01 00:00:00,SYSTEM,2020-01-01 00:00:00
4,PARTY-00004,SUPPLIER,Apex Composite Ltd,TAX000000004,860000004,2020-01-01 00:00:00,,True,SYSTEM,2020-01-01 00:00:00,SYSTEM,2020-01-01 00:00:00
5,PARTY-00005,SUPPLIER,Apex Bio Supply,TAX000000005,860000005,2020-01-01 00:00:00,,True,SYSTEM,2020-01-01 00:00:00,SYSTEM,2020-01-01 00:00:00
6,PARTY-00006,SUPPLIER,Precision Polymer GmbH,TAX000000006,860000006,2020-01-01 00:00:00,,True,SYSTEM,2020-01-01 00:00:00,SYSTEM,2020-01-01 00:00:00
7,PARTY-00007,SUPPLIER,Superior Bio S.A.,TAX000000007,860000007,2020-01-01 00:00:00,,True,SYSTEM,2020-01-01 00:00:00,SYSTEM,2020-01-01 00:00:00
8,PARTY-00008,SUPPLIER,Alpine Polymer Components,TAX000000008,860000008,2020-01-01 00:00:00,,True,SYSTEM,2020-01-01 00:00:00,SYSTEM,2020-01-01 00:00:00
9,PARTY-00009,SUPPLIER,Allied Alloys Corp,TAX000000009,860000009,2020-01-01 00:00:00,,True,SYSTEM,2020-01-01 00:00:00,SYSTEM,2020-01-01 00:00:00
10,PARTY-00010,SUPPLIER,Strategic Thermal Partners,TAX000000010,860000010,2020-01-01 00:00:00,,True,SYSTEM,2020-01-01 00:00:00,SYSTEM,2020-01-01 00:00:00
11,PARTY-00011,SUPPLIER,Dynamic Polymer Components,TAX000000011,860000011,2020-01-01 00:00:00,,True,SYSTEM,2020-01-01 00:00:00,SYSTEM,2020-01-01 00:00:00
12,PARTY-00012,SUPPLIER,Alpine Hydraulic Partners,TAX000000012,860000012,2020-01-01 00:00:00,,True,SYSTEM,2020-01-01 00:00:00,SYSTEM,2020-01-01 00:00:00
13,PARTY-00013,SUPPLIER,Premier Precision Industries,TAX000000013,860000013,2020-01-01 00:00:00,,True,SYSTEM,2020-01-01 00:00:00,SYSTEM,2020-01-01 00:00:00
14,PARTY-00014,SUPPLIER,Advanced Precision Components,TAX000000014,860000014,2020-01-01 00:00:00,,True,SYSTEM,2020-01-01 00:00:00,SYSTEM,2020-01-01 00:00:00
15,PARTY-00015,SUPPLIER,Summit Bio Engineering,TAX000000015,860000015,2020-01-01 00:00:00,,True,SYSTEM,2020-01-01 00:00:00,SYSTEM,2020-01-01 00:00:00
16,PARTY-00016,SUPPLIER,Allied Alloys Materials,TAX000000016,860000016,2020-01-01 00:00:00,,True,SYSTEM,2020-01-01 00:00:00,SYSTEM,2020-01-01 00:00:00
17,PARTY-00017,SUPPLIER,Premier Chemical Partners,TAX000000017,860000017,2020-01-01 00:00:00,,True,SYSTEM,2020-01-01 00:00:00,SYSTEM,2020-01-01 00:00:00
18,PARTY-00018,SUPPLIER,Precision Bio Manufacturing,TAX000000018,860000018,2020-01-01 00:00:00,,True,SYSTEM,2020-01-01 00:00:00,SYSTEM,2020-01-01 00:00:00
19,PARTY-00019,SUPPLIER,United Hydraulic Manufacturing,TAX000000019,860000019,2020-01-01 00:00:00,,True,SYSTEM,2020-01-01 00:00:00,SYSTEM,2020-01-01 00:00:00
20,PARTY-00020,SUPPLIER,Continental Alloys Components,TAX000000020,860000020,2020-01-01 00:00:00,,True,SYSTEM,2020-01-01 00:00:00,SYSTEM,2020-01-01 00:00:00
21,PARTY-00021,SUPPLIER,Integrated Hydraulic GmbH,TAX000000021,860000021,2020-01-01 00:00:00,,True,SYSTEM,2020-01-01 00:00:00,SYSTEM,2020-01-01 00:00:00
22,PARTY-00022,SUPPLIER,Superior Alloys Components,TAX000000022,860000022,2020-01-01 00:00:00,,True,SYSTEM,2020-01-01 00:00:00,SYSTEM,2020-01-01 00:00:00
23,PARTY-00023,SUPPLIER,Apex Electronic Corp,TAX000000023,860000023,2020-01-01 00:00:00,,True,SYSTEM,2020-01-01 00:00:00,SYSTEM,2020-01-01 00:00:00
24,PARTY-00024,SUPPLIER,Elite Thermal Supply,TAX000000024,860000024,2020-01-01 00:00:00,,True,SYSTEM,2020-01-01 00:00:00,SYSTEM,2020-01-01 00:00:00
25,PARTY-00025,SUPPLIER,Alpine Pneumatic Manufacturing,TAX000000025,860000025,2020-01-01 00:00:00,,True,SYSTEM,2020-01-01 00:00:00,SYSTEM,2020-01-01 00:00:00
26,PARTY-00026,SUPPLIER,Premier Ceramic Solutions,TAX000000026,860000026,2020-01-01 00:00:00,,True,SYSTEM,2020-01-01 00:00:00,SYSTEM,2020-01-01 00:00:00
27,PARTY-00027,SUPPLIER,Advanced Precision Engineering,TAX000000027,860000027,2020-01-01 00:00:00,,True,SYSTEM,2020-01-01 00:00:00,SYSTEM,2020-01-01 00:00:00
28,PARTY-00028,SUPPLIER,Continental Bio Industries,TAX000000028,860000028,2020-01-01 00:00:00,,True,SYSTEM,2020-01-01 00:00:00,SYSTEM,2020-01-01 00:00:00
29,PARTY-00029,SUPPLIER,Advanced Chemical Materials,TAX000000029,860000029,2020-01-01 00:00:00,,True,SYSTEM,2020-01-01 00:00:00,SYSTEM,2020-01-01 00:00:00
30,PARTY-00030,SUPPLIER,Premier Pneumatic Ltd,TAX000000030,860000030,2020-01-01 00:00:00,,True,SYSTEM,2020-01-01 00:00:00,SYSTEM,2020-01-01 00:00:00
31,PARTY-00031,SUPPLIER,Alpine Precision GmbH,TAX000000031,860000031,2020-01-01 00:00:00,,True,SYSTEM,2020-01-01 00:00:00,SYSTEM,2020-01-01 00:00:00
32,PARTY-00032,SUPPLIER,Alpine Alloys GmbH,TAX000000032,860000032,2020-01-01 00:00:00,,True,SYSTEM,2020-01-01 00:00:00,SYSTEM,2020-01-01 00:00:00
33,PARTY-00033,SUPPLIER,Alpine Composite S.A.,TAX000000033,860000033,2020-01-01 00:00:00,,True,SYSTEM,2020-01-01 00:00:00,SYSTEM,2020-01-01 00:00:00
34,PARTY-00034,SUPPLIER,Apex Chemical Engineering,TAX000000034,860000034,2020-01-01 00:00:00,,True,SYSTEM,2020-01-01 00:00:00,SYSTEM,2020-01-01 00:00:00
35,PARTY-00035,SUPPLIER,United Hydraulic Engineering,TAX000000035,860000035,2020-01-01 00:00:00,,True,SYSTEM,2020-01-01 00:00:00,SYSTEM,2020-01-01 00:00:00
36,PARTY-00036,SUPPLIER,Nordic Hydraulic Solutions,TAX000000036,860000036,2020-01-01 00:00:00,,True,SYSTEM,2020-01-01 00:00:00,SYSTEM,2020-01-01 00:00:00
37,PARTY-00037,SUPPLIER,Apex Composite Group,TAX000000037,860000037,2020-01-01 00:00:00,,True,SYSTEM,2020-01-01 00:00:00,SYSTEM,2020-01-01 00:00:00
38,PARTY-00038,SUPPLIER,Integrated Hydraulic Supply,TAX000000038,860000038,2020-01-01 00:00:00,,True,SYSTEM,2020-01-01 00:00:00,SYSTEM,2020-01-01 00:00:00
39,PARTY-00039,SUPPLIER,Allied Electronic Components,TAX000000039,860000039,2020-01-01 00:00:00,,True,SYSTEM,2020-01-01 00:00:00,SYSTEM,2020-01-01 00:00:00
40,PARTY-00040,SUPPLIER,Apex Bio Manufacturing,TAX000000040,860000040,2020-01-01 00:00:00,,True,SYSTEM,2020-01-01 00:00:00,SYSTEM,2020-01-01 00:00:00
41,PARTY-00041,SUPPLIER,Strategic Pneumatic S.A.,TAX000000041,860000041,2020-01-01 00:00:00,,True,SYSTEM,2020-01-01 00:00:00,SYSTEM,2020-01-01 00:00:00
42,PARTY-00042,SUPPLIER,Nordic Ceramic Technologies,TAX000000042,860000042,2020-01-01 00:00:00,,True,SYSTEM,2020-01-01 00:00:00,SYSTEM,2020-01-01 00:00:00
43,PARTY-00043,SUPPLIER,Advanced Pneumatic S.A.,TAX000000043,860000043,2020-01-01 00:00:00,,True,SYSTEM,2020-01-01 00:00:00,SYSTEM,2020-01-01 00:00:00
44,PARTY-00044,SUPPLIER,Global Ceramic Partners,TAX000000044,860000044,2020-01-01 00:00:00,,True,SYSTEM,2020-01-01 00:00:00,SYSTEM,2020-01-01 00:00:00
45,PARTY-00045,SUPPLIER,Atlantic Hydraulic Solutions,TAX000000045,860000045,2020-01-01 00:00:00,,True,SYSTEM,2020-01-01 00:00:00,SYSTEM,2020-01-01 00:00:00
46,PARTY-00046,SUPPLIER,United Alloys Industries,TAX000000046,860000046,2020-01-01 00:00:00,,True,SYSTEM,2020-01-01 00:00:00,SYSTEM,2020-01-01 00:00:00
47,PARTY-00047,SUPPLIER,Pacific Polymer Manufacturing,TAX000000047,860000047,2020-01-01 00:00:00,,True,SYSTEM,2020-01-01 00:00:00,SYSTEM,2020-01-01 00:00:00
48,PARTY-00048,SUPPLIER,Strategic Composite AG,TAX000000048,860000048,2020-01-01 00:00:00,,True,SYSTEM,2020-01-01 00:00:00,SYSTEM,2020-01-01 00:00:00
49,PARTY-00049,SUPPLIER,Superior Pneumatic GmbH,TAX000000049,860000049,2020-01-01 00:00:00,,True,SYSTEM,2020-01-01 00:00:00,SYSTEM,2020-01-01 00:00:00
50,PARTY-00050,SUPPLIER,Allied Thermal Co.,TAX000000050,860000050,2020-01-01 00:00:00,,True,SYSTEM,2020-01-01 00:00:00,SYSTEM,2020-01-01 00:00:00
51,PARTY-00051,SUPPLIER,Alpine Chemical Partners,TAX000000051,860000051,2020-01-01 00:00:00,,True,SYSTEM,2020-01-01 00:00:00,SYSTEM,2020-01-01 00:00:00
52,PARTY-00052,SUPPLIER,Superior Precision Co.,TAX000000052,860000052,2020-01-01 00:00:00,,True,SYSTEM,2020-01-01 00:00:00,SYSTEM,2020-01-01 00:00:00
53,PARTY-00053,SUPPLIER,Dynamic Alloys Engineering,TAX000000053,860000053,2020-01-01 00:00:00,,True,SYSTEM,2020-01-01 00:00:00,SYSTEM,2020-01-01 00:00:00
54,PARTY-00054,SUPPLIER,Precision Pneumatic Materials,TAX000000054,860000054,2020-01-01 00:00:00,,True,SYSTEM,2020-01-01 00:00:00,SYSTEM,2020-01-01 00:00:00
55,PARTY-00055,SUPPLIER,Atlantic Composite Co.,TAX000000055,860000055,2020-01-01 00:00:00,,True,SYSTEM,2020-01-01 00:00:00,SYSTEM,2020-01-01 00:00:00
56,PARTY-00056,SUPPLIER,Summit Alloys Components,TAX000000056,860000056,2020-01-01 00:00:00,,True,SYSTEM,2020-01-01 00:00:00,SYSTEM,2020-01-01 00:00:00
57,PARTY-00057,SUPPLIER,Pacific Electronic Inc,TAX000000057,860000057,2020-01-01 00:00:00,,True,SYSTEM,2020-01-01 00:00:00,SYSTEM,2020-01-01 00:00:00
58,PARTY-00058,SUPPLIER,Precision Pneumatic Components,TAX000000058,860000058,2020-01-01 00:00:00,,True,SYSTEM,2020-01-01 00:00:00,SYSTEM,2020-01-01 00:00:00
59,PARTY-00059,SUPPLIER,Advanced Hydraulic Corp,TAX000000059,860000059,2020-01-01 00:00:00,,True,SYSTEM,2020-01-01 00:00:00,SYSTEM,2020-01-01 00:00:00
60,PARTY-00060,SUPPLIER,Dynamic Composite Solutions,TAX000000060,860000060,2020-01-01 00:00:00,,True,SYSTEM,2020-01-01 00:00:00,SYSTEM,2020-01-01 00:00:00
61,PARTY-00061,SUPPLIER,United Ceramic S.A.,TAX000000061,860000061,2020-01-01 00:00:00,,True,SYSTEM,2020-01-01 00:00:00,SYSTEM,2020-01-01 00:00:00
62,PARTY-00062,SUPPLIER,Dynamic Composite Industries,TAX000000062,860000062,2020-01-01 00:00:00,,True,SYSTEM,2020-01-01 00:00:00,SYSTEM,2020-01-01 00:00:00
63,PARTY-00063,SUPPLIER,Premier Chemical Ltd,TAX000000063,860000063,2020-01-01 00:00:00,,True,SYSTEM,2020-01-01 00:00:00,SYSTEM,2020-01-01 00:00:00
64,PARTY-00064,SUPPLIER,Nordic Electronic Manufacturing,TAX000000064,860000064,2020-01-01 00:00:00,,True,SYSTEM,2020-01-01 00:00:00,SYSTEM,2020-01-01 00:00:00
65,PARTY-00065,SUPPLIER,Precision Electronic Ltd,TAX000000065,860000065,2020-01-01 00:00:00,,True,SYSTEM,2020-01-01 00:00:00,SYSTEM,2020-01-01 00:00:00
66,PARTY-00066,SUPPLIER,Dynamic Ceramic Technologies,TAX000000066,860000066,2020-01-01 00:00:00,,True,SYSTEM,2020-01-01 00:00:00,SYSTEM,2020-01-01 00:00:00
67,PARTY-00067,SUPPLIER,United Electronic Supply,TAX000000067,860000067,2020-01-01 00:00:00,,True,SYSTEM,2020-01-01 00:00:00,SYSTEM,2020-01-01 00:00:00
68,PARTY-00068,SUPPLIER,Alpine Precision Group,TAX000000068,860000068,2020-01-01 00:00:00,,True,SYSTEM,2020-01-01 00:00:00,SYSTEM,2020-01-01 00:00:00
69,PARTY-00069,SUPPLIER,Elite Electronic S.A.,TAX000000069,860000069,2020-01-01 00:00:00,,True,SYSTEM,2020-01-01 00:00:00,SYSTEM,2020-01-01 00:00:00
70,PARTY-00070,SUPPLIER,Summit Ceramic S.A.,TAX000000070,860000070,2020-01-01 00:00:00,,True,SYSTEM,2020-01-01 00:00:00,SYSTEM,2020-01-01 00:00:00
71,PARTY-00071,SUPPLIER,Atlantic Bio Solutions,TAX000000071,860000071,2020-01-01 00:00:00,,True,SYSTEM,2020-01-01 00:00:00,SYSTEM,2020-01-01 00:00:00
72,PARTY-00072,SUPPLIER,Allied Composite Co.,TAX000000072,860000072,2020-01-01 00:00:00,,True,SYSTEM,2020-01-01 00:00:00,SYSTEM,2020-01-01 00:00:00
73,PARTY-00073,SUPPLIER,Pacific Chemical Technologies,TAX000000073,860000073,2020-01-01 00:00:00,,True,SYSTEM,2020-01-01 00:00:00,SYSTEM,2020-01-01 00:00:00
74,PARTY-00074,SUPPLIER,Prime Bio Technologies,TAX000000074,860000074,2020-01-01 00:00:00,,True,SYSTEM,2020-01-01 00:00:00,SYSTEM,2020-01-01 00:00:00
75,PARTY-00075,SUPPLIER,Integrated Chemical Supply,TAX000000075,860000075,2020-01-01 00:00:00,,True,SYSTEM,2020-01-01 00:00:00,SYSTEM,2020-01-01 00:00:00
76,PARTY-00076,SUPPLIER,Alpine Ceramic Supply,TAX000000076,860000076,2020-01-01 00:00:00,,True,SYSTEM,2020-01-01 00:00:00,SYSTEM,2020-01-01 00:00:00
77,PARTY-00077,SUPPLIER,United Metals S.A.,TAX000000077,860000077,2020-01-01 00:00:00,,True,SYSTEM,2020-01-01 00:00:00,SYSTEM,2020-01-01 00:00:00
78,PARTY-00078,SUPPLIER,Strategic Hydraulic Engineering,TAX000000078,860000078,2020-01-01 00:00:00,,True,SYSTEM,2020-01-01 00:00:00,SYSTEM,2020-01-01 00:00:00
79,PARTY-00079,SUPPLIER,Atlantic Alloys Corp,TAX000000079,860000079,2020-01-01 00:00:00,,True,SYSTEM,2020-01-01 00:00:00,SYSTEM,2020-01-01 00:00:00
80,PARTY-00080,SUPPLIER,Summit Pneumatic GmbH,TAX000000080,860000080,2020-01-01 00:00:00,,True,SYSTEM,2020-01-01 00:00:00,SYSTEM,2020-01-01 00:00:00
81,PARTY-00081,SUPPLIER,Integrated Electronic Systems,TAX000000081,860000081,2020-01-01 00:00:00,,True,SYSTEM,2020-01-01 00:00:00,SYSTEM,2020-01-01 00:00:00
82,PARTY-00082,SUPPLIER,Elite Precision Materials,TAX000000082,860000082,2020-01-01 00:00:00,,True,SYSTEM,2020-01-01 00:00:00,SYSTEM,2020-01-01 00:00:00
83,PARTY-00083,SUPPLIER,Pacific Alloys Materials,TAX000000083,860000083,2020-01-01 00:00:00,,True,SYSTEM,2020-01-01 00:00:00,SYSTEM,2020-01-01 00:00:00
84,PARTY-00084,SUPPLIER,Summit Polymer Inc,TAX000000084,860000084,2020-01-01 00:00:00,,True,SYSTEM,2020-01-01 00:00:00,SYSTEM,2020-01-01 00:00:00
85,PARTY-00085,SUPPLIER,Strategic Metals S.A.,TAX000000085,860000085,2020-01-01 00:00:00,,True,SYSTEM,2020-01-01 00:00:00,SYSTEM,2020-01-01 00:00:00
86,PARTY-00086,SUPPLIER,Allied Hydraulic Solutions,TAX000000086,860000086,2020-01-01 00:00:00,,True,SYSTEM,2020-01-01 00:00:00,SYSTEM,2020-01-01 00:00:00
87,PARTY-00087,SUPPLIER,Atlantic Thermal Partners,TAX000000087,860000087,2020-01-01 00:00:00,,True,SYSTEM,2020-01-01 00:00:00,SYSTEM,2020-01-01 00:00:00
88,PARTY-00088,SUPPLIER,Continental Pneumatic Manufacturing,TAX000000088,860000088,2020-01-01 00:00:00,,True,SYSTEM,2020-01-01 00:00:00,SYSTEM,2020-01-01 00:00:00
89,PARTY-00089,SUPPLIER,Dynamic Polymer Manufacturing,TAX000000089,860000089,2020-01-01 00:00:00,,True,SYSTEM,2020-01-01 00:00:00,SYSTEM,2020-01-01 00:00:00
90,PARTY-00090,SUPPLIER,Apex Alloys Components,TAX000000090,860000090,2020-01-01 00:00:00,,True,SYSTEM,2020-01-01 00:00:00,SYSTEM,2020-01-01 00:00:00
91,PARTY-00091,SUPPLIER,Pacific Composite Partners,TAX000000091,860000091,2020-01-01 00:00:00,,True,SYSTEM,2020-01-01 00:00:00,SYSTEM,2020-01-01 00:00:00
92,PARTY-00092,SUPPLIER,Alpine Precision Supply,TAX000000092,860000092,2020-01-01 00:00:00,,True,SYSTEM,2020-01-01 00:00:00,SYSTEM,2020-01-01 00:00:00
93,PARTY-00093,SUPPLIER,Atlantic Electronic Manufacturing,TAX000000093,860000093,2020-01-01 00:00:00,,True,SYSTEM,2020-01-01 00:00:00,SYSTEM,2020-01-01 00:00:00
94,PARTY-00094,SUPPLIER,Pacific Polymer Group,TAX000000094,860000094,2020-01-01 00:00:00,,True,SYSTEM,2020-01-01 00:00:00,SYSTEM,2020-01-01 00:00:00
95,PARTY-00095,SUPPLIER,Dynamic Bio Partners,TAX000000095,860000095,2020-01-01 00:00:00,,True,SYSTEM,2020-01-01 00:00:00,SYSTEM,2020-01-01 00:00:00
96,PARTY-00096,SUPPLIER,Continental Thermal S.A.,TAX000000096,860000096,2020-01-01 00:00:00,,True,SYSTEM,2020-01-01 00:00:00,SYSTEM,2020-01-01 00:00:00
97,PARTY-00097,SUPPLIER,Strategic Pneumatic GmbH,TAX000000097,860000097,2020-01-01 00:00:00,,True,SYSTEM,2020-01-01 00:00:00,SYSTEM,2020-01-01 00:00:00
98,PARTY-00098,SUPPLIER,Alpine Chemical AG,TAX000000098,860000098,2020-01-01 00:00:00,,True,SYSTEM,2020-01-01 00:00:00,SYSTEM,2020-01-01 00:00:00
99,PARTY-00099,SUPPLIER,Superior Chemical Group,TAX000000099,860000099,2020-01-01 00:00:00,,True,SYSTEM,2020-01-01 00:00:00,SYSTEM,2020-01-01 00:00:00
100,PARTY-00100,SUPPLIER,Atlantic Pneumatic Corp,TAX000000100,860000100,2020-01-01 00:00:00,,True,SYSTEM,2020-01-01 00:00:00,SYSTEM,2020-01-01 00:00:00
101,PARTY-00101,SUPPLIER,Nordic Ceramic Manufacturing,TAX000000101,860000101,2020-01-01 00:00:00,,True,SYSTEM,2020-01-01 00:00:00,SYSTEM,2020-01-01 00:00:00
102,PARTY-00102,SUPPLIER,Nordic Metals GmbH,TAX000000102,860000102,2020-01-01 00:00:00,,True,SYSTEM,2020-01-01 00:00:00,SYSTEM,2020-01-01 00:00:00
103,PARTY-00103,SUPPLIER,United Ceramic GmbH,TAX000000103,860000103,2020-01-01 00:00:00,,True,SYSTEM,2020-01-01 00:00:00,SYSTEM,2020-01-01 00:00:00
104,PARTY-00104,SUPPLIER,Atlantic Hydraulic Systems,TAX000000104,860000104,2020-01-01 00:00:00,,True,SYSTEM,2020-01-01 00:00:00,SYSTEM,2020-01-01 00:00:00
105,PARTY-00105,SUPPLIER,Superior Polymer AG,TAX000000105,860000105,2020-01-01 00:00:00,,True,SYSTEM,2020-01-01 00:00:00,SYSTEM,2020-01-01 00:00:00
106,PARTY-00106,SUPPLIER,Prime Alloys Corp,TAX000000106,860000106,2020-01-01 00:00:00,,True,SYSTEM,2020-01-01 00:00:00,SYSTEM,2020-01-01 00:00:00
107,PARTY-00107,SUPPLIER,Elite Ceramic Manufacturing,TAX000000107,860000107,2020-01-01 00:00:00,,True,SYSTEM,2020-01-01 00:00:00,SYSTEM,2020-01-01 00:00:00
108,PARTY-00108,SUPPLIER,Premier Electronic Technologies,TAX000000108,860000108,2020-01-01 00:00:00,,True,SYSTEM,2020-01-01 00:00:00,SYSTEM,2020-01-01 00:00:00
109,PARTY-00109,SUPPLIER,Allied Composite Manufacturing,TAX000000109,860000109,2020-01-01 00:00:00,,True,SYSTEM,2020-01-01 00:00:00,SYSTEM,2020-01-01 00:00:00
110,PARTY-00110,SUPPLIER,Superior Composite Solutions,TAX000000110,860000110,2020-01-01 00:00:00,,True,SYSTEM,2020-01-01 00:00:00,SYSTEM,2020-01-01 00:00:00
111,PARTY-00111,SUPPLIER,Prime Alloys Inc,TAX000000111,860000111,2020-01-01 00:00:00,,True,SYSTEM,2020-01-01 00:00:00,SYSTEM,2020-01-01 00:00:00
112,PARTY-00112,SUPPLIER,Atlantic Thermal Components,TAX000000112,860000112,2020-01-01 00:00:00,,True,SYSTEM,2020-01-01 00:00:00,SYSTEM,2020-01-01 00:00:00
113,PARTY-00113,SUPPLIER,Continental Thermal Technologies,TAX000000113,860000113,2020-01-01 00:00:00,,True,SYSTEM,2020-01-01 00:00:00,SYSTEM,2020-01-01 00:00:00
114,PARTY-00114,SUPPLIER,Dynamic Pneumatic Co.,TAX000000114,860000114,2020-01-01 00:00:00,,True,SYSTEM,2020-01-01 00:00:00,SYSTEM,2020-01-01 00:00:00
115,PARTY-00115,SUPPLIER,Atlantic Pneumatic Manufacturing,TAX000000115,860000115,2020-01-01 00:00:00,,True,SYSTEM,2020-01-01 00:00:00,SYSTEM,2020-01-01 00:00:00
116,PARTY-00116,SUPPLIER,Prime Thermal Inc,TAX000000116,860000116,2020-01-01 00:00:00,,True,SYSTEM,2020-01-01 00:00:00,SYSTEM,2020-01-01 00:00:00
117,PARTY-00117,SUPPLIER,Premier Precision Materials,TAX000000117,860000117,2020-01-01 00:00:00,,True,SYSTEM,2020-01-01 00:00:00,SYSTEM,2020-01-01 00:00:00
118,PARTY-00118,SUPPLIER,Summit Ceramic Solutions,TAX000000118,860000118,2020-01-01 00:00:00,,True,SYSTEM,2020-01-01 00:00:00,SYSTEM,2020-01-01 00:00:00
119,PARTY-00119,SUPPLIER,United Hydraulic Corp,TAX000000119,860000119,2020-01-01 00:00:00,,True,SYSTEM,2020-01-01 00:00:00,SYSTEM,2020-01-01 00:00:00
120,PARTY-00120,SUPPLIER,Prime Polymer Materials,TAX000000120,860000120,2020-01-01 00:00:00,,True,SYSTEM,2020-01-01 00:00:00,SYSTEM,2020-01-01 00:00:00
121,PARTY-00121,SUPPLIER,Strategic Alloys Group,TAX000000121,860000121,2020-01-01 00:00:00,,True,SYSTEM,2020-01-01 00:00:00,SYSTEM,2020-01-01 00:00:00
122,PARTY-00122,SUPPLIER,Global Precision Components,TAX000000122,860000122,2020-01-01 00:00:00,,True,SYSTEM,2020-01-01 00:00:00,SYSTEM,2020-01-01 00:00:00
123,PARTY-00123,SUPPLIER,Continental Composite AG,TAX000000123,860000123,2020-01-01 00:00:00,,True,SYSTEM,2020-01-01 00:00:00,SYSTEM,2020-01-01 00:00:00
124,PARTY-00124,SUPPLIER,Advanced Precision Corp,TAX000000124,860000124,2020-01-01 00:00:00,,True,SYSTEM,2020-01-01 00:00:00,SYSTEM,2020-01-01 00:00:00
125,PARTY-00125,SUPPLIER,Advanced Composite GmbH,TAX000000125,860000125,2020-01-01 00:00:00,,True,SYSTEM,2020-01-01 00:00:00,SYSTEM,2020-01-01 00:00:00
126,PARTY-00126,SUPPLIER,Summit Precision Group,TAX000000126,860000126,2020-01-01 00:00:00,,True,SYSTEM,2020-01-01 00:00:00,SYSTEM,2020-01-01 00:00:00
127,PARTY-00127,SUPPLIER,Allied Composite Corp,TAX000000127,860000127,2020-01-01 00:00:00,,True,SYSTEM,2020-01-01 00:00:00,SYSTEM,2020-01-01 00:00:00
128,PARTY-00128,SUPPLIER,Strategic Polymer Inc,TAX000000128,860000128,2020-01-01 00:00:00,,True,SYSTEM,2020-01-01 00:00:00,SYSTEM,2020-01-01 00:00:00
129,PARTY-00129,SUPPLIER,Apex Metals Solutions,TAX000000129,860000129,2020-01-01 00:00:00,,True,SYSTEM,2020-01-01 00:00:00,SYSTEM,2020-01-01 00:00:00
130,PARTY-00130,SUPPLIER,Apex Alloys Solutions,TAX000000130,860000130,2020-01-01 00:00:00,,True,SYSTEM,2020-01-01 00:00:00,SYSTEM,2020-01-01 00:00:00
131,PARTY-00131,SUPPLIER,Prime Bio Partners,TAX000000131,860000131,2020-01-01 00:00:00,,True,SYSTEM,2020-01-01 00:00:00,SYSTEM,2020-01-01 00:00:00
132,PARTY-00132,SUPPLIER,Atlantic Alloys AG,TAX000000132,860000132,2020-01-01 00:00:00,,True,SYSTEM,2020-01-01 00:00:00,SYSTEM,2020-01-01 00:00:00
133,PARTY-00133,SUPPLIER,United Thermal Technologies,TAX000000133,860000133,2020-01-01 00:00:00,,True,SYSTEM,2020-01-01 00:00:00,SYSTEM,2020-01-01 00:00:00
134,PARTY-00134,SUPPLIER,Elite Thermal Components,TAX000000134,860000134,2020-01-01 00:00:00,,True,SYSTEM,2020-01-01 00:00:00,SYSTEM,2020-01-01 00:00:00
135,PARTY-00135,SUPPLIER,Premier Chemical AG,TAX000000135,860000135,2020-01-01 00:00:00,,True,SYSTEM,2020-01-01 00:00:00,SYSTEM,2020-01-01 00:00:00
136,PARTY-00136,SUPPLIER,Atlantic Pneumatic Technologies,TAX000000136,860000136,2020-01-01 00:00:00,,True,SYSTEM,2020-01-01 00:00:00,SYSTEM,2020-01-01 00:00:00
137,PARTY-00137,SUPPLIER,United Polymer Partners,TAX000000137,860000137,2020-01-01 00:00:00,,True,SYSTEM,2020-01-01 00:00:00,SYSTEM,2020-01-01 00:00:00
138,PARTY-00138,SUPPLIER,Advanced Composite Supply,TAX000000138,860000138,2020-01-01 00:00:00,,True,SYSTEM,2020-01-01 00:00:00,SYSTEM,2020-01-01 00:00:00
139,PARTY-00139,SUPPLIER,Nordic Pneumatic AG,TAX000000139,860000139,2020-01-01 00:00:00,,True,SYSTEM,2020-01-01 00:00:00,SYSTEM,2020-01-01 00:00:00
140,PARTY-00140,SUPPLIER,Allied Ceramic Ltd,TAX000000140,860000140,2020-01-01 00:00:00,,True,SYSTEM,2020-01-01 00:00:00,SYSTEM,2020-01-01 00:00:00
141,PARTY-00141,SUPPLIER,Apex Hydraulic Solutions,TAX000000141,860000141,2020-01-01 00:00:00,,True,SYSTEM,2020-01-01 00:00:00,SYSTEM,2020-01-01 00:00:00
142,PARTY-00142,SUPPLIER,Continental Chemical Group,TAX000000142,860000142,2020-01-01 00:00:00,,True,SYSTEM,2020-01-01 00:00:00,SYSTEM,2020-01-01 00:00:00
143,PARTY-00143,SUPPLIER,Strategic Metals Manufacturing,TAX000000143,860000143,2020-01-01 00:00:00,,True,SYSTEM,2020-01-01 00:00:00,SYSTEM,2020-01-01 00:00:00
144,PARTY-00144,SUPPLIER,Integrated Ceramic Ltd,TAX000000144,860000144,2020-01-01 00:00:00,,True,SYSTEM,2020-01-01 00:00:00,SYSTEM,2020-01-01 00:00:00
145,PARTY-00145,SUPPLIER,Apex Electronic Supply,TAX000000145,860000145,2020-01-01 00:00:00,,True,SYSTEM,2020-01-01 00:00:00,SYSTEM,2020-01-01 00:00:00
146,PARTY-00146,SUPPLIER,Prime Bio Group,TAX000000146,860000146,2020-01-01 00:00:00,,True,SYSTEM,2020-01-01 00:00:00,SYSTEM,2020-01-01 00:00:00
147,PARTY-00147,SUPPLIER,Allied Thermal S.A.,TAX000000147,860000147,2020-01-01 00:00:00,,True,SYSTEM,2020-01-01 00:00:00,SYSTEM,2020-01-01 00:00:00
148,PARTY-00148,SUPPLIER,Allied Composite Systems,TAX000000148,860000148,2020-01-01 00:00:00,,True,SYSTEM,2020-01-01 00:00:00,SYSTEM,2020-01-01 00:00:00
149,PARTY-00149,SUPPLIER,Prime Composite S.A.,TAX000000149,860000149,2020-01-01 00:00:00,,True,SYSTEM,2020-01-01 00:00:00,SYSTEM,2020-01-01 00:00:00
150,PARTY-00150,SUPPLIER,Alpine Ceramic Engineering,TAX000000150,860000150,2020-01-01 00:00:00,,True,SYSTEM,2020-01-01 00:00:00,SYSTEM,2020-01-01 00:00:00
151,PARTY-00151,SUPPLIER,Continental Chemical Partners,TAX000000151,860000151,2020-01-01 00:00:00,,True,SYSTEM,2020-01-01 00:00:00,SYSTEM,2020-01-01 00:00:00
152,PARTY-00152,SUPPLIER,United Pneumatic Engineering,TAX000000152,860000152,2020-01-01 00:00:00,,True,SYSTEM,2020-01-01 00:00:00,SYSTEM,2020-01-01 00:00:00
153,PARTY-00153,SUPPLIER,Strategic Thermal Corp,TAX000000153,860000153,2020-01-01 00:00:00,,True,SYSTEM,2020-01-01 00:00:00,SYSTEM,2020-01-01 00:00:00
154,PARTY-00154,SUPPLIER,Elite Pneumatic Partners,TAX000000154,860000154,2020-01-01 00:00:00,,True,SYSTEM,2020-01-01 00:00:00,SYSTEM,2020-01-01 00:00:00
155,PARTY-00155,SUPPLIER,Pacific Bio GmbH,TAX000000155,860000155,2020-01-01 00:00:00,,True,SYSTEM,2020-01-01 00:00:00,SYSTEM,2020-01-01 00:00:00
156,PARTY-00156,SUPPLIER,United Precision Corp,TAX000000156,860000156,2020-01-01 00:00:00,,True,SYSTEM,2020-01-01 00:00:00,SYSTEM,2020-01-01 00:00:00
157,PARTY-00157,SUPPLIER,Nordic Chemical Technologies,TAX000000157,860000157,2020-01-01 00:00:00,,True,SYSTEM,2020-01-01 00:00:00,SYSTEM,2020-01-01 00:00:00
158,PARTY-00158,SUPPLIER,Atlantic Electronic AG,TAX000000158,860000158,2020-01-01 00:00:00,,True,SYSTEM,2020-01-01 00:00:00,SYSTEM,2020-01-01 00:00:00
159,PARTY-00159,SUPPLIER,Allied Pneumatic Engineering,TAX000000159,860000159,2020-01-01 00:00:00,,True,SYSTEM,2020-01-01 00:00:00,SYSTEM,2020-01-01 00:00:00
160,PARTY-00160,SUPPLIER,Allied Hydraulic Industries,TAX000000160,860000160,2020-01-01 00:00:00,,True,SYSTEM,2020-01-01 00:00:00,SYSTEM,2020-01-01 00:00:00
161,PARTY-00161,SUPPLIER,Dynamic Metals Systems,TAX000000161,860000161,2020-01-01 00:00:00,,True,SYSTEM,2020-01-01 00:00:00,SYSTEM,2020-01-01 00:00:00
162,PARTY-00162,SUPPLIER,Dynamic Hydraulic Solutions,TAX000000162,860000162,2020-01-01 00:00:00,,True,SYSTEM,2020-01-01 00:00:00,SYSTEM,2020-01-01 00:00:00
163,PARTY-00163,SUPPLIER,Premier Electronic AG,TAX000000163,860000163,2020-01-01 00:00:00,,True,SYSTEM,2020-01-01 00:00:00,SYSTEM,2020-01-01 00:00:00
164,PARTY-00164,SUPPLIER,Prime Chemical Systems,TAX000000164,860000164,2020-01-01 00:00:00,,True,SYSTEM,2020-01-01 00:00:00,SYSTEM,2020-01-01 00:00:00
165,PARTY-00165,SUPPLIER,Advanced Electronic AG,TAX000000165,860000165,2020-01-01 00:00:00,,True,SYSTEM,2020-01-01 00:00:00,SYSTEM,2020-01-01 00:00:00
166,PARTY-00166,SUPPLIER,Premier Electronic Manufacturing,TAX000000166,860000166,2020-01-01 00:00:00,,True,SYSTEM,2020-01-01 00:00:00,SYSTEM,2020-01-01 00:00:00
167,PARTY-00167,SUPPLIER,Nordic Bio Components,TAX000000167,860000167,2020-01-01 00:00:00,,True,SYSTEM,2020-01-01 00:00:00,SYSTEM,2020-01-01 00:00:00
168,PARTY-00168,SUPPLIER,Global Pneumatic AG,TAX000000168,860000168,2020-01-01 00:00:00,,True,SYSTEM,2020-01-01 00:00:00,SYSTEM,2020-01-01 00:00:00
169,PARTY-00169,SUPPLIER,Pacific Metals Inc,TAX000000169,860000169,2020-01-01 00:00:00,,True,SYSTEM,2020-01-01 00:00:00,SYSTEM,2020-01-01 00:00:00
170,PARTY-00170,SUPPLIER,Apex Hydraulic Partners,TAX000000170,860000170,2020-01-01 00:00:00,,True,SYSTEM,2020-01-01 00:00:00,SYSTEM,2020-01-01 00:00:00
171,PARTY-00171,SUPPLIER,Atlantic Composite Group,TAX000000171,860000171,2020-01-01 00:00:00,,True,SYSTEM,2020-01-01 00:00:00,SYSTEM,2020-01-01 00:00:00
172,PARTY-00172,SUPPLIER,Strategic Composite S.A.,TAX000000172,860000172,2020-01-01 00:00:00,,True,SYSTEM,2020-01-01 00:00:00,SYSTEM,2020-01-01 00:00:00
173,PARTY-00173,SUPPLIER,Dynamic Pneumatic Solutions,TAX000000173,860000173,2020-01-01 00:00:00,,True,SYSTEM,2020-01-01 00:00:00,SYSTEM,2020-01-01 00:00:00
174,PARTY-00174,SUPPLIER,Premier Chemical Ltd,TAX000000174,860000174,2020-01-01 00:00:00,,True,SYSTEM,2020-01-01 00:00:00,SYSTEM,2020-01-01 00:00:00
175,PARTY-00175,SUPPLIER,Allied Pneumatic Industries,TAX000000175,860000175,2020-01-01 00:00:00,,True,SYSTEM,2020-01-01 00:00:00,SYSTEM,2020-01-01 00:00:00
176,PARTY-00176,SUPPLIER,Allied Pneumatic S.A.,TAX000000176,860000176,2020-01-01 00:00:00,,True,SYSTEM,2020-01-01 00:00:00,SYSTEM,2020-01-01 00:00:00
177,PARTY-00177,SUPPLIER,Precision Precision GmbH,TAX000000177,860000177,2020-01-01 00:00:00,,True,SYSTEM,2020-01-01 00:00:00,SYSTEM,2020-01-01 00:00:00
178,PARTY-00178,SUPPLIER,Precision Precision Materials,TAX000000178,860000178,2020-01-01 00:00:00,,True,SYSTEM,2020-01-01 00:00:00,SYSTEM,2020-01-01 00:00:00
179,PARTY-00179,SUPPLIER,Strategic Thermal Solutions,TAX000000179,860000179,2020-01-01 00:00:00,,True,SYSTEM,2020-01-01 00:00:00,SYSTEM,2020-01-01 00:00:00
180,PARTY-00180,SUPPLIER,Global Bio Solutions,TAX000000180,860000180,2020-01-01 00:00:00,,True,SYSTEM,2020-01-01 00:00:00,SYSTEM,2020-01-01 00:00:00
181,PARTY-00181,SUPPLIER,Global Electronic Partners,TAX000000181,860000181,2020-01-01 00:00:00,,True,SYSTEM,2020-01-01 00:00:00,SYSTEM,2020-01-01 00:00:00
182,PARTY-00182,SUPPLIER,Pacific Electronic Solutions,TAX000000182,860000182,2020-01-01 00:00:00,,True,SYSTEM,2020-01-01 00:00:00,SYSTEM,2020-01-01 00:00:00
183,PARTY-00183,SUPPLIER,Superior Hydraulic Materials,TAX000000183,860000183,2020-01-01 00:00:00,,True,SYSTEM,2020-01-01 00:00:00,SYSTEM,2020-01-01 00:00:00
184,PARTY-00184,SUPPLIER,Continental Alloys Co.,TAX000000184,860000184,2020-01-01 00:00:00,,True,SYSTEM,2020-01-01 00:00:00,SYSTEM,2020-01-01 00:00:00
185,PARTY-00185,SUPPLIER,Premier Composite Supply,TAX000000185,860000185,2020-01-01 00:00:00,,True,SYSTEM,2020-01-01 00:00:00,SYSTEM,2020-01-01 00:00:00
186,PARTY-00186,SUPPLIER,Continental Polymer Materials,TAX000000186,860000186,2020-01-01 00:00:00,,True,SYSTEM,2020-01-01 00:00:00,SYSTEM,2020-01-01 00:00:00
187,PARTY-00187,SUPPLIER,Dynamic Alloys GmbH,TAX000000187,860000187,2020-01-01 00:00:00,,True,SYSTEM,2020-01-01 00:00:00,SYSTEM,2020-01-01 00:00:00
188,PARTY-00188,SUPPLIER,Continental Composite S.A.,TAX000000188,860000188,2020-01-01 00:00:00,,True,SYSTEM,2020-01-01 00:00:00,SYSTEM,2020-01-01 00:00:00
189,PARTY-00189,SUPPLIER,Nordic Precision Ltd,TAX000000189,860000189,2020-01-01 00:00:00,,True,SYSTEM,2020-01-01 00:00:00,SYSTEM,2020-01-01 00:00:00
190,PARTY-00190,SUPPLIER,Alpine Chemical Partners,TAX000000190,860000190,2020-01-01 00:00:00,,True,SYSTEM,2020-01-01 00:00:00,SYSTEM,2020-01-01 00:00:00
191,PARTY-00191,SUPPLIER,United Bio S.A.,TAX000000191,860000191,2020-01-01 00:00:00,,True,SYSTEM,2020-01-01 00:00:00,SYSTEM,2020-01-01 00:00:00
192,PARTY-00192,SUPPLIER,Summit Thermal Components,TAX000000192,860000192,2020-01-01 00:00:00,,True,SYSTEM,2020-01-01 00:00:00,SYSTEM,2020-01-01 00:00:00
193,PARTY-00193,SUPPLIER,Summit Polymer Engineering,TAX000000193,860000193,2020-01-01 00:00:00,,True,SYSTEM,2020-01-01 00:00:00,SYSTEM,2020-01-01 00:00:00
194,PARTY-00194,SUPPLIER,Alpine Composite Solutions,TAX000000194,860000194,2020-01-01 00:00:00,,True,SYSTEM,2020-01-01 00:00:00,SYSTEM,2020-01-01 00:00:00
195,PARTY-00195,SUPPLIER,Summit Polymer Materials,TAX000000195,860000195,2020-01-01 00:00:00,,True,SYSTEM,2020-01-01 00:00:00,SYSTEM,2020-01-01 00:00:00
196,PARTY-00196,SUPPLIER,Apex Ceramic Engineering,TAX000000196,860000196,2020-01-01 00:00:00,,True,SYSTEM,2020-01-01 00:00:00,SYSTEM,2020-01-01 00:00:00
197,PARTY-00197,SUPPLIER,Atlantic Ceramic Inc,TAX000000197,860000197,2020-01-01 00:00:00,,True,SYSTEM,2020-01-01 00:00:00,SYSTEM,2020-01-01 00:00:00
198,PARTY-00198,SUPPLIER,Elite Polymer Components,TAX000000198,860000198,2020-01-01 00:00:00,,True,SYSTEM,2020-01-01 00:00:00,SYSTEM,2020-01-01 00:00:00
199,PARTY-00199,SUPPLIER,Global Alloys Supply,TAX000000199,860000199,2020-01-01 00:00:00,,True,SYSTEM,2020-01-01 00:00:00,SYSTEM,2020-01-01 00:00:00
200,PARTY-00200,SUPPLIER,Pacific Pneumatic Inc,TAX000000200,860000200,2020-01-01 00:00:00,,True,SYSTEM,2020-01-01 00:00:00,SYSTEM,2020-01-01 00:00:00
